battle_id,player_won,confidence
0,0,5
1,1,5
2,1,5
3,1,5
4,1,5
5,0,3
6,1,5
7,1,4
8,1,5
9,1,5
10,1,5
11,0,4
12,1,5
13,1,5
14,1,5
15,1,5
16,1,5
17,1,5
18,1,5
19,1,5
20,0,5
21,1,5
22,1,5
23,1,5
24,1,5
25,1,5
26,1,5
27,1,5
28,1,3
29,0,4
30,1,5
31,1,5
32,1,3
33,1,5
34,1,5
35,1,5
36,1,3
37,0,5
38,0,5
39,1,5
40,1,3
41,1,3
42,0,3
43,1,5
44,1,5
45,1,5
46,0,5
47,1,5
48,1,5
49,1,4
50,1,5
51,0,5
52,1,4
53,0,5
54,1,4
55,1,5
56,1,5
57,0,5
58,1,5
59,1,3
60,1,5
61,0,5
62,1,5
63,0,5
64,0,5
65,1,5
66,1,5
67,1,5
68,1,5
69,1,5
70,1,5
71,1,5
72,1,5
73,1,5
74,1,5
75,0,3
76,1,5
77,1,5
78,1,5
79,0,4
80,1,5
81,1,4
82,1,5
83,1,5
84,1,5
85,1,4
86,1,5
87,1,5
88,1,5
89,1,5
90,1,5
91,1,5
92,1,5
93,1,5
94,1,4
95,1,5
96,1,5
97,1,5
98,1,5
99,1,5
100,0,3
101,1,5
102,1,5
103,1,5
104,0,5
105,0,5
106,0,5
107,1,5
108,1,5
109,0,4
110,1,5
111,1,5
112,1,5
113,1,5
114,1,5
115,1,4
116,1,5
117,1,3
118,1,5
119,1,5
120,1,5
121,1,5
122,0,5
123,0,5
124,1,5
125,1,3
126,1,5
127,1,5
128,1,5
129,1,5
130,1,5
131,1,5
132,1,4
133,1,5
134,1,5
135,1,5
136,1,5
137,1,5
138,1,5
139,1,5
140,0,5
141,0,5
142,1,5
143,1,5
144,1,5
145,1,5
146,1,5
147,1,5
148,1,5
149,1,5
150,1,5
151,1,5
152,1,5
153,1,5
154,0,5
155,1,5
156,1,3
157,1,5
158,1,5
159,1,5
160,1,5
161,0,5
162,1,5
163,1,5
164,0,5
165,1,5
166,1,5
167,0,5
168,1,3
169,1,5
170,1,5
171,1,5
172,1,5
173,1,5
174,1,5
175,1,5
176,1,5
177,0,5
178,1,4
179,1,5
180,1,5
181,1,5
182,1,5
183,1,5
184,1,5
185,1,5
186,1,5
187,1,5
188,1,5
189,1,5
190,1,5
191,1,5
192,1,5
193,1,5
194,1,5
195,1,5
196,1,5
197,1,5
198,1,5
199,1,3
200,1,5
201,1,5
202,1,5
203,1,4
204,1,5
205,1,5
206,1,5
207,1,5
208,1,5
209,1,5
210,1,5
211,1,5
212,0,3
213,1,5
214,1,5
215,1,3
216,1,5
217,1,5
218,1,5
219,1,5
220,1,5
221,1,4
222,1,5
223,1,5
224,1,5
225,1,5
226,1,5
227,1,5
228,0,3
229,1,4
230,1,5
231,1,5
232,1,5
233,1,5
234,1,5
235,1,5
236,1,5
237,1,5
238,0,5
239,1,5
240,1,5
241,0,5
242,0,5
243,1,5
244,0,4
245,1,5
246,1,4
247,1,5
248,1,5
249,1,5
250,0,5
251,1,5
252,1,5
253,0,5
254,1,5
255,1,5
256,1,5
257,0,5
258,0,5
259,1,5
260,1,5
261,1,5
262,1,5
263,1,5
264,1,5
265,1,5
266,1,5
267,1,5
268,0,5
269,1,5
270,1,5
271,1,3
272,1,5
273,0,5
274,1,3
275,1,5
276,1,5
277,1,5
278,1,5
279,1,5
280,1,5
281,0,5
282,1,5
283,1,5
284,1,5
285,1,5
286,1,4
287,1,5
288,1,5
289,0,5
290,1,5
291,1,5
292,1,5
293,1,5
294,1,5
295,1,5
296,1,5
297,1,5
298,0,5
299,1,5
300,0,3
301,1,5
302,1,5
303,1,5
304,1,5
305,1,4
306,0,5
307,1,5
308,1,5
309,1,5
310,1,5
311,1,5
312,1,4
313,1,5
314,1,5
315,1,5
316,1,5
317,1,5
318,1,5
319,1,5
320,1,5
321,1,5
322,1,5
323,1,5
324,1,5
325,0,4
326,1,4
327,0,5
328,0,5
329,1,5
330,1,5
331,1,5
332,1,3
333,1,5
334,1,5
335,1,5
336,1,4
337,1,5
338,1,4
339,1,5
340,1,5
341,1,5
342,1,5
343,1,3
344,0,5
345,0,5
346,1,5
347,1,5
348,1,5
349,1,5
350,1,5
351,1,5
352,1,5
353,1,5
354,1,4
355,1,5
356,1,5
357,1,5
358,1,5
359,1,4
360,1,5
361,1,5
362,0,3
363,1,5
364,1,5
365,1,5
366,1,5
367,1,5
368,1,5
369,1,5
370,1,5
371,1,5
372,1,5
373,0,3
374,1,4
375,1,5
376,1,5
377,1,5
378,1,5
379,1,5
380,0,5
381,1,5
382,1,5
383,1,4
384,1,5
385,1,5
386,1,5
387,0,5
388,0,5
389,1,5
390,1,5
391,1,5
392,1,5
393,0,3
394,1,5
395,1,5
396,0,5
397,1,5
398,1,5
399,1,5
400,0,5
401,1,5
402,1,4
403,1,5
404,1,5
405,1,5
406,1,5
407,1,5
408,0,5
409,1,5
410,1,4
411,1,5
412,0,3
413,1,5
414,1,5
415,1,5
416,1,5
417,1,5
418,0,4
419,1,5
420,1,5
421,0,5
422,1,5
423,1,4
424,1,5
425,1,5
426,0,5
427,1,5
428,1,5
429,1,5
430,1,5
431,1,5
432,0,5
433,0,5
434,1,5
435,1,4
436,0,4
437,1,5
438,0,4
439,1,3
440,1,5
441,1,5
442,1,3
443,1,5
444,1,5
445,1,5
446,1,5
447,1,4
448,1,4
449,1,4
450,1,5
451,0,5
452,1,3
453,1,5
454,1,5
455,1,5
456,1,5
457,0,4
458,1,5
459,1,4
460,1,5
461,1,5
462,0,5
463,1,5
464,1,5
465,1,5
466,1,5
467,0,5
468,1,5
469,1,5
470,1,5
471,1,5
472,1,5
473,1,5
474,1,5
475,1,5
476,0,5
477,1,5
478,1,5
479,1,5
480,1,5
481,1,5
482,1,5
483,1,5
484,1,5
485,1,5
486,1,5
487,1,5
488,1,5
489,1,4
490,1,5
491,1,5
492,1,5
493,1,5
494,1,4
495,0,5
496,1,5
497,1,5
498,0,3
499,1,5
500,1,4
501,1,5
502,1,5
503,1,5
504,1,5
505,1,5
506,1,4
507,1,5
508,0,5
509,1,5
510,0,3
511,0,5
512,1,5
513,1,5
514,0,5
515,1,5
516,1,3
517,1,5
518,1,5
519,1,5
520,0,4
521,1,5
522,1,5
523,1,5
524,1,5
525,1,5
526,1,5
527,1,5
528,1,5
529,0,4
530,1,5
531,1,5
532,1,5
533,1,5
534,1,5
535,1,5
536,1,5
537,1,5
538,1,5
539,1,5
540,1,3
541,1,5
542,1,4
543,1,5
544,1,5
545,1,5
546,1,5
547,0,5
548,1,5
549,1,5
550,1,5
551,1,5
552,0,5
553,1,5
554,0,3
555,0,5
556,1,3
557,1,5
558,1,5
559,1,5
560,1,4
561,1,5
562,0,5
563,1,5
564,1,5
565,1,5
566,1,5
567,1,5
568,1,5
569,0,3
570,1,5
571,1,5
572,1,5
573,1,5
574,0,4
575,1,5
576,1,5
577,1,5
578,1,5
579,1,5
580,1,4
581,0,4
582,1,5
583,1,5
584,1,4
585,1,5
586,1,5
587,1,5
588,1,5
589,0,5
590,0,5
591,1,5
592,1,5
593,1,5
594,1,5
595,1,5
596,1,5
597,1,5
598,0,3
599,1,5
600,1,5
601,1,5
602,1,3
603,1,5
604,1,5
605,1,5
606,0,5
607,1,5
608,1,3
609,0,5
610,1,5
611,1,5
612,1,5
613,1,5
614,1,5
615,1,5
616,0,5
617,1,5
618,0,5
619,1,3
620,1,4
621,1,5
622,1,5
623,1,3
624,1,5
625,1,5
626,1,5
627,0,5
628,1,5
629,1,5
630,1,4
631,0,4
632,1,4
633,1,5
634,1,5
635,1,5
636,0,5
637,1,5
638,1,5
639,0,4
640,1,5
641,1,3
642,1,5
643,1,5
644,1,5
645,0,3
646,0,3
647,1,5
648,1,5
649,1,5
650,0,5
651,1,5
652,1,5
653,1,5
654,1,5
655,1,5
656,1,4
657,1,5
658,1,5
659,1,5
660,0,5
661,1,5
662,1,5
663,0,5
664,1,5
665,0,5
666,1,5
667,1,5
668,0,5
669,1,5
670,1,5
671,1,5
672,1,5
673,1,5
674,1,5
675,1,5
676,1,5
677,1,5
678,0,3
679,1,5
680,0,5
681,1,5
682,1,5
683,1,5
684,1,5
685,1,5
686,1,5
687,1,5
688,1,5
689,1,5
690,1,5
691,1,5
692,1,4
693,0,5
694,1,5
695,1,5
696,0,5
697,1,5
698,0,5
699,0,4
700,1,5
701,0,5
702,1,5
703,1,5
704,1,5
705,1,4
706,1,5
707,1,5
708,1,3
709,1,5
710,1,5
711,1,5
712,1,5
713,1,5
714,0,4
715,1,5
716,1,5
717,1,5
718,1,5
719,1,5
720,1,5
721,1,5
722,1,5
723,1,5
724,1,5
725,0,5
726,1,5
727,1,5
728,1,5
729,1,5
730,1,4
731,1,5
732,1,5
733,1,4
734,1,5
735,1,5
736,1,5
737,1,5
738,1,5
739,1,4
740,1,5
741,1,5
742,1,5
743,1,5
744,0,5
745,1,5
746,0,3
747,1,4
748,1,5
749,1,5
750,1,4
751,1,4
752,1,5
753,1,5
754,0,3
755,1,5
756,1,5
757,1,3
758,1,5
759,1,5
760,0,5
761,1,5
762,1,5
763,1,5
764,1,5
765,1,5
766,1,5
767,1,5
768,0,4
769,1,5
770,1,5
771,1,5
772,1,5
773,0,5
774,1,3
775,1,5
776,1,5
777,1,5
778,0,5
779,0,5
780,1,5
781,1,5
782,1,5
783,1,5
784,1,5
785,0,5
786,0,4
787,1,5
788,1,5
789,1,5
790,1,5
791,1,5
792,1,5
793,1,5
794,1,5
795,1,5
796,0,5
797,1,5
798,1,4
799,1,4
800,1,5
801,1,5
802,1,5
803,1,5
804,1,5
805,1,5
806,0,5
807,1,5
808,1,5
809,1,5
810,1,5
811,1,5
812,1,5
813,1,3
814,1,5
815,1,5
816,1,5
817,1,4
818,1,5
819,1,5
820,1,5
821,1,5
822,1,4
823,1,5
824,0,5
825,1,5
826,1,4
827,1,5
828,1,5
829,1,5
830,1,5
831,1,5
832,1,5
833,1,5
834,1,5
835,1,5
836,1,5
837,1,5
838,1,5
839,1,5
840,1,5
841,1,5
842,1,5
843,1,5
844,1,5
845,1,3
846,1,5
847,0,5
848,1,5
849,1,5
850,0,5
851,0,5
852,1,5
853,1,5
854,1,5
855,1,5
856,1,5
857,1,5
858,0,5
859,1,5
860,1,5
861,1,5
862,1,5
863,1,4
864,1,4
865,1,5
866,1,5
867,1,5
868,1,5
869,1,5
870,1,5
871,1,5
872,1,5
873,1,5
874,1,5
875,1,5
876,1,5
877,0,5
878,1,5
879,1,5
880,1,3
881,1,5
882,0,4
883,1,5
884,1,5
885,1,5
886,1,5
887,1,4
888,1,5
889,1,5
890,1,5
891,1,5
892,1,5
893,0,5
894,1,5
895,0,5
896,1,5
897,1,5
898,0,5
899,1,4
900,1,5
901,1,5
902,1,5
903,1,5
904,1,4
905,1,5
906,1,5
907,0,5
908,0,5
909,1,5
910,1,5
911,0,5
912,0,5
913,0,5
914,1,5
915,1,5
916,1,5
917,1,5
918,1,4
919,1,4
920,1,5
921,1,5
922,1,5
923,0,5
924,1,5
925,1,5
926,1,5
927,1,5
928,1,5
929,1,5
930,1,3
931,1,5
932,0,5
933,1,5
934,1,5
935,1,5
936,0,4
937,1,5
938,1,5
939,0,5
940,1,5
941,1,5
942,1,5
943,1,5
944,1,3
945,1,3
946,1,5
947,1,5
948,1,4
949,1,5
950,1,5
951,1,4
952,1,5
953,1,5
954,1,5
955,1,5
956,1,5
957,1,5
958,1,4
959,1,5
960,1,5
961,0,5
962,1,5
963,1,4
964,1,5
965,0,5
966,1,5
967,1,5
968,1,5
969,0,5
970,0,5
971,1,5
972,1,4
973,0,5
974,1,4
975,1,5
976,1,5
977,0,5
978,1,5
979,1,5
980,1,5
981,1,4
982,0,5
983,1,5
984,1,3
985,1,5
986,0,3
987,0,5
988,0,5
989,0,4
990,1,4
991,1,4
992,1,5
993,1,4
994,1,5
995,1,5
996,0,3
997,1,4
998,0,5
999,1,5
1000,1,5
1001,1,5
1002,1,5
1003,1,4
1004,0,5
1005,1,5
1006,1,5
1007,1,3
1008,0,5
1009,0,4
1010,1,4
1011,1,5
1012,1,5
1013,1,5
1014,0,3
1015,1,5
1016,1,5
1017,1,5
1018,1,5
1019,1,5
1020,1,5
1021,0,5
1022,1,5
1023,1,5
1024,0,3
1025,1,5
1026,0,4
1027,1,5
1028,0,5
1029,1,4
1030,1,5
1031,1,5
1032,1,5
1033,1,5
1034,0,5
1035,1,5
1036,1,5
1037,1,5
1038,1,5
1039,1,5
1040,1,5
1041,1,5
1042,1,5
1043,1,5
1044,1,5
1045,1,5
1046,1,5
1047,1,4
1048,1,5
1049,1,5
1050,1,4
1051,1,5
1052,1,5
1053,1,5
1054,0,5
1055,0,4
1056,1,5
1057,0,4
1058,1,5
1059,1,5
1060,1,5
1061,1,5
1062,1,5
1063,1,5
1064,1,5
1065,1,5
1066,0,5
1067,1,5
1068,1,5
1069,0,3
1070,1,5
1071,1,5
1072,1,4
1073,1,5
1074,1,5
1075,1,5
1076,1,5
1077,0,5
1078,1,4
1079,1,5
1080,0,5
1081,1,5
1082,1,5
1083,1,5
1084,1,5
1085,1,5
1086,1,5
1087,1,5
1088,1,5
1089,1,5
1090,1,5
1091,1,4
1092,1,5
1093,0,5
1094,1,4
1095,1,5
1096,1,5
1097,1,5
1098,1,5
1099,1,5
1100,1,4
1101,1,5
1102,1,5
1103,1,5
1104,1,5
1105,1,5
1106,1,5
1107,1,5
1108,1,3
1109,1,5
1110,1,5
1111,1,5
1112,1,5
1113,0,4
1114,1,5
1115,1,5
1116,1,5
1117,1,5
1118,1,5
1119,1,5
1120,1,5
1121,1,5
1122,1,5
1123,1,5
1124,1,5
1125,1,3
1126,1,5
1127,1,5
1128,1,5
1129,1,5
1130,1,5
1131,1,5
1132,0,5
1133,1,5
1134,1,5
1135,0,5
1136,1,4
1137,1,4
1138,1,5
1139,0,5
1140,1,5
1141,1,5
1142,1,5
1143,0,3
1144,1,5
1145,1,5
1146,1,5
1147,1,5
1148,1,5
1149,1,5
1150,1,5
1151,1,5
1152,1,5
1153,1,5
1154,1,5
1155,1,5
1156,0,5
1157,0,5
1158,1,3
1159,1,5
1160,0,5
1161,1,5
1162,0,5
1163,1,5
1164,1,5
1165,1,5
1166,1,5
1167,1,5
1168,1,5
1169,1,5
1170,1,5
1171,1,3
1172,1,5
1173,0,5
1174,1,5
1175,0,5
1176,1,5
1177,1,5
1178,1,5
1179,1,5
1180,1,5
1181,1,5
1182,1,5
1183,1,5
1184,1,3
1185,1,5
1186,1,5
1187,0,5
1188,1,3
1189,1,5
1190,1,4
1191,1,5
1192,1,5
1193,1,5
1194,1,5
1195,1,5
1196,1,5
1197,1,5
1198,1,5
1199,1,5
1200,1,5
1201,1,5
1202,0,4
1203,1,5
1204,0,4
1205,1,5
1206,0,5
1207,1,5
1208,1,5
1209,0,4
1210,1,5
1211,1,5
1212,1,5
1213,1,5
1214,1,5
1215,1,5
1216,1,5
1217,1,5
1218,0,4
1219,1,5
1220,1,5
1221,1,5
1222,1,5
1223,1,5
1224,1,5
1225,1,5
1226,1,4
1227,1,4
1228,1,5
1229,1,5
1230,1,5
1231,1,5
1232,1,4
1233,1,5
1234,0,5
1235,0,5
1236,1,5
1237,1,5
1238,1,5
1239,0,5
1240,0,3
1241,1,5
1242,1,5
1243,1,5
1244,1,5
1245,1,5
1246,1,5
1247,1,5
1248,1,5
1249,1,5
1250,1,5
1251,1,5
1252,1,5
1253,1,4
1254,1,5
1255,1,5
1256,1,5
1257,0,5
1258,1,5
1259,1,5
1260,1,5
1261,1,5
1262,1,5
1263,1,5
1264,1,5
1265,0,3
1266,1,5
1267,1,5
1268,1,5
1269,1,5
1270,1,4
1271,1,4
1272,1,5
1273,0,3
1274,1,5
1275,0,5
1276,1,5
1277,1,5
1278,1,5
1279,1,5
1280,1,5
1281,1,5
1282,0,4
1283,1,5
1284,1,5
1285,0,5
1286,1,3
1287,1,5
1288,1,5
1289,1,5
1290,1,5
1291,1,5
1292,1,5
1293,1,5
1294,1,5
1295,1,4
1296,1,5
1297,1,5
1298,1,5
1299,1,5
1300,1,3
1301,1,4
1302,1,5
1303,1,5
1304,1,5
1305,1,5
1306,0,4
1307,1,5
1308,0,3
1309,1,5
1310,1,5
1311,1,5
1312,1,5
1313,1,5
1314,1,5
1315,0,5
1316,0,4
1317,1,5
1318,1,5
1319,1,5
1320,1,5
1321,1,5
1322,1,3
1323,1,5
1324,1,5
1325,1,5
1326,1,5
1327,1,5
1328,1,5
1329,0,5
1330,1,5
1331,1,3
1332,1,4
1333,1,5
1334,1,5
1335,0,5
1336,1,5
1337,1,5
1338,1,5
1339,1,3
1340,1,5
1341,0,4
1342,0,5
1343,1,5
1344,0,5
1345,1,5
1346,1,3
1347,1,4
1348,0,5
1349,1,3
1350,1,4
1351,1,5
1352,1,5
1353,1,4
1354,1,5
1355,1,5
1356,0,5
1357,1,5
1358,1,5
1359,0,5
1360,1,4
1361,0,3
1362,1,5
1363,1,5
1364,1,5
1365,1,5
1366,1,5
1367,1,5
1368,1,3
1369,1,3
1370,1,5
1371,1,5
1372,1,5
1373,1,5
1374,1,5
1375,1,5
1376,1,4
1377,1,5
1378,1,5
1379,1,5
1380,1,5
1381,1,5
1382,1,5
1383,1,4
1384,1,5
1385,1,4
1386,0,5
1387,0,4
1388,1,5
1389,1,5
1390,1,5
1391,0,5
1392,1,5
1393,1,5
1394,1,5
1395,0,5
1396,1,5
1397,1,5
1398,1,4
1399,1,5
1400,1,5
1401,1,5
1402,0,4
1403,1,3
1404,1,5
1405,1,5
1406,1,5
1407,1,5
1408,1,5
1409,1,4
1410,0,4
1411,1,5
1412,1,5
1413,0,3
1414,0,3
1415,1,5
1416,1,5
1417,0,3
1418,1,5
1419,1,5
1420,1,5
1421,1,5
1422,1,5
1423,1,4
1424,1,5
1425,1,5
1426,1,5
1427,1,5
1428,1,4
1429,1,5
1430,1,4
1431,1,5
1432,1,5
1433,1,5
1434,0,4
1435,1,5
1436,1,5
1437,1,5
1438,1,5
1439,1,5
1440,1,5
1441,1,5
1442,0,4
1443,1,5
1444,1,5
1445,1,5
1446,1,5
1447,1,4
1448,1,5
1449,1,5
1450,0,3
1451,0,4
1452,1,5
1453,1,5
1454,1,3
1455,1,5
1456,1,5
1457,1,5
1458,1,5
1459,1,5
1460,1,5
1461,1,5
1462,1,5
1463,1,5
1464,0,3
1465,1,5
1466,1,5
1467,1,5
1468,1,5
1469,1,4
1470,0,4
1471,0,4
1472,1,5
1473,0,5
1474,1,5
1475,1,5
1476,1,5
1477,0,4
1478,1,5
1479,1,4
1480,0,5
1481,1,5
1482,0,3
1483,1,5
1484,1,5
1485,1,4
1486,0,4
1487,1,5
1488,1,5
1489,1,5
1490,0,5
1491,1,5
1492,1,5
1493,1,4
1494,1,5
1495,1,5
1496,1,5
1497,1,5
1498,1,5
1499,1,5
1500,0,5
1501,1,5
1502,1,5
1503,1,5
1504,0,5
1505,0,3
1506,1,5
1507,1,5
1508,0,5
1509,1,5
1510,1,5
1511,1,5
1512,0,5
1513,1,4
1514,0,5
1515,1,4
1516,1,5
1517,1,5
1518,1,5
1519,1,5
1520,1,5
1521,0,5
1522,0,3
1523,0,5
1524,1,5
1525,0,5
1526,1,5
1527,1,5
1528,1,5
1529,1,3
1530,1,5
1531,1,3
1532,1,3
1533,1,5
1534,1,5
1535,1,5
1536,1,5
1537,1,5
1538,1,5
1539,1,3
1540,1,5
1541,1,3
1542,1,5
1543,1,5
1544,1,5
1545,1,5
1546,0,4
1547,1,5
1548,1,5
1549,1,5
1550,0,5
1551,1,5
1552,1,3
1553,1,5
1554,1,5
1555,1,4
1556,1,3
1557,0,4
1558,1,5
1559,1,5
1560,0,3
1561,1,5
1562,0,4
1563,0,5
1564,0,3
1565,1,5
1566,0,5
1567,1,5
1568,1,5
1569,1,5
1570,1,5
1571,1,5
1572,1,5
1573,1,5
1574,1,5
1575,0,4
1576,1,5
1577,0,5
1578,1,5
1579,1,5
1580,1,5
1581,1,5
1582,1,4
1583,1,5
1584,1,5
1585,1,5
1586,1,5
1587,1,5
1588,1,5
1589,1,5
1590,0,4
1591,1,5
1592,1,5
1593,0,3
1594,1,5
1595,1,5
1596,1,5
1597,1,5
1598,1,5
1599,1,5
1600,1,5
1601,1,5
1602,1,5
1603,0,3
1604,1,5
1605,1,5
1606,1,5
1607,1,5
1608,1,5
1609,1,5
1610,1,5
1611,1,5
1612,1,5
1613,0,5
1614,0,5
1615,1,5
1616,0,3
1617,1,5
1618,0,5
1619,1,5
1620,1,5
1621,0,5
1622,0,4
1623,1,4
1624,1,5
1625,1,4
1626,1,5
1627,1,5
1628,1,5
1629,0,5
1630,1,5
1631,1,5
1632,0,4
1633,0,3
1634,1,5
1635,1,5
1636,1,4
1637,1,5
1638,1,5
1639,1,5
1640,1,5
1641,1,5
1642,0,3
1643,1,5
1644,0,5
1645,1,5
1646,1,5
1647,1,5
1648,1,5
1649,1,4
1650,1,5
1651,0,3
1652,1,5
1653,0,5
1654,1,5
1655,0,3
1656,0,4
1657,0,5
1658,1,5
1659,1,5
1660,1,5
1661,1,5
1662,1,5
1663,1,4
1664,1,5
1665,1,4
1666,1,5
1667,1,4
1668,1,5
1669,1,5
1670,0,4
1671,1,5
1672,1,5
1673,1,5
1674,1,5
1675,0,4
1676,1,5
1677,1,5
1678,1,5
1679,1,5
1680,1,4
1681,1,5
1682,1,5
1683,1,5
1684,1,5
1685,1,5
1686,0,5
1687,1,5
1688,1,5
1689,0,5
1690,1,5
1691,0,4
1692,1,5
1693,0,5
1694,1,5
1695,1,5
1696,1,5
1697,1,5
1698,1,4
1699,1,5
1700,1,5
1701,1,5
1702,1,5
1703,1,5
1704,1,5
1705,0,5
1706,1,5
1707,1,4
1708,1,5
1709,0,5
1710,0,5
1711,1,5
1712,1,4
1713,0,5
1714,1,5
1715,0,5
1716,1,5
1717,1,5
1718,1,5
1719,1,5
1720,1,5
1721,1,5
1722,1,5
1723,0,5
1724,1,5
1725,1,5
1726,0,5
1727,1,5
1728,1,5
1729,0,5
1730,1,5
1731,1,5
1732,1,5
1733,1,5
1734,1,5
1735,0,5
1736,1,5
1737,1,5
1738,1,5
1739,1,5
1740,1,5
1741,0,5
1742,0,4
1743,1,5
1744,0,5
1745,0,5
1746,0,4
1747,1,5
1748,1,5
1749,0,4
1750,0,5
1751,1,5
1752,1,5
1753,0,5
1754,1,5
1755,1,5
1756,1,5
1757,1,3
1758,1,5
1759,1,5
1760,1,5
1761,0,5
1762,1,5
1763,1,5
1764,0,5
1765,1,5
1766,1,5
1767,1,5
1768,1,5
1769,1,5
1770,1,5
1771,1,5
1772,1,5
1773,1,4
1774,1,5
1775,1,5
1776,1,5
1777,1,5
1778,0,3
1779,1,5
1780,0,4
1781,1,5
1782,1,5
1783,1,5
1784,1,5
1785,1,5
1786,1,5
1787,1,5
1788,0,4
1789,1,5
1790,1,5
1791,1,5
1792,1,5
1793,1,5
1794,1,5
1795,0,4
1796,1,5
1797,1,5
1798,0,5
1799,0,5
1800,0,5
1801,1,5
1802,1,5
1803,1,4
1804,1,5
1805,1,5
1806,1,5
1807,0,5
1808,1,5
1809,1,5
1810,0,5
1811,1,4
1812,1,5
1813,1,5
1814,1,5
1815,0,5
1816,1,5
1817,1,5
1818,1,5
1819,1,5
1820,0,3
1821,0,5
1822,1,5
1823,1,5
1824,1,5
1825,1,5
1826,1,5
1827,0,5
1828,1,4
1829,1,3
1830,1,5
1831,0,5
1832,1,5
1833,0,5
1834,0,5
1835,1,5
1836,1,5
1837,1,5
1838,1,5
1839,0,3
1840,1,5
1841,1,5
1842,0,5
1843,0,5
1844,1,5
1845,1,5
1846,0,5
1847,0,5
1848,1,5
1849,1,5
1850,1,5
1851,1,5
1852,1,4
1853,1,5
1854,1,5
1855,1,4
1856,1,5
1857,1,5
1858,1,5
1859,1,5
1860,1,5
1861,1,5
1862,0,4
1863,1,5
1864,1,5
1865,1,5
1866,1,5
1867,1,5
1868,1,5
1869,1,5
1870,1,5
1871,1,5
1872,1,5
1873,1,5
1874,0,4
1875,0,3
1876,1,5
1877,1,5
1878,0,5
1879,0,5
1880,1,5
1881,1,5
1882,0,3
1883,1,4
1884,0,3
1885,1,5
1886,1,4
1887,1,5
1888,1,5
1889,1,5
1890,0,5
1891,0,5
1892,1,5
1893,1,4
1894,1,4
1895,1,4
1896,1,5
1897,1,4
1898,0,5
1899,1,3
1900,1,5
1901,0,4
1902,0,5
1903,1,5
1904,0,5
1905,1,5
1906,0,3
1907,1,5
1908,1,5
1909,0,3
1910,0,4
1911,1,5
1912,1,5
1913,1,4
1914,1,5
1915,1,5
1916,1,5
1917,1,5
1918,1,5
1919,1,5
1920,1,5
1921,0,5
1922,0,5
1923,1,5
1924,0,5
1925,1,5
1926,1,5
1927,1,5
1928,1,5
1929,1,5
1930,1,5
1931,0,5
1932,0,4
1933,1,5
1934,0,4
1935,1,5
1936,0,5
1937,1,5
1938,1,5
1939,1,5
1940,1,5
1941,1,5
1942,1,3
1943,0,4
1944,1,5
1945,1,5
1946,1,5
1947,1,4
1948,1,5
1949,1,5
1950,1,5
1951,1,5
1952,1,5
1953,0,4
1954,1,5
1955,1,5
1956,0,4
1957,1,4
1958,1,5
1959,1,5
1960,1,3
1961,1,5
1962,0,5
1963,1,5
1964,0,5
1965,0,5
1966,1,5
1967,1,5
1968,0,5
1969,1,5
1970,1,5
1971,0,5
1972,0,3
1973,1,5
1974,0,5
1975,0,5
1976,1,4
1977,1,5
1978,1,5
1979,1,5
1980,1,5
1981,0,5
1982,1,5
1983,1,5
1984,1,5
1985,1,5
1986,1,5
1987,1,5
1988,0,5
1989,1,5
1990,1,5
1991,1,4
1992,1,5
1993,0,5
1994,1,4
1995,1,5
1996,0,5
1997,1,5
1998,0,4
1999,1,4
2000,1,5
2001,1,3
2002,1,5
2003,1,5
2004,1,5
2005,1,5
2006,0,5
2007,1,5
2008,0,5
2009,1,5
2010,1,5
2011,1,5
2012,1,5
2013,0,5
2014,1,4
2015,1,5
2016,0,5
2017,1,5
2018,1,5
2019,1,5
2020,1,5
2021,1,4
2022,0,3
2023,1,5
2024,1,5
2025,1,5
2026,0,4
2027,1,5
2028,1,5
2029,1,5
2030,1,5
2031,1,5
2032,0,5
2033,1,3
2034,1,5
2035,0,3
2036,1,5
2037,1,4
2038,1,5
2039,1,5
2040,1,5
2041,1,4
2042,0,5
2043,1,5
2044,0,5
2045,1,5
2046,1,5
2047,1,4
2048,0,3
2049,1,3
2050,0,4
2051,1,5
2052,0,5
2053,1,5
2054,1,5
2055,1,5
2056,1,5
2057,0,5
2058,1,5
2059,1,5
2060,1,5
2061,1,5
2062,0,5
2063,0,5
2064,1,5
2065,1,3
2066,1,5
2067,1,4
2068,0,5
2069,1,5
2070,0,5
2071,1,5
2072,1,5
2073,1,4
2074,1,5
2075,1,5
2076,0,5
2077,1,5
2078,1,5
2079,0,5
2080,1,5
2081,1,5
2082,0,4
2083,1,5
2084,0,5
2085,1,5
2086,1,5
2087,1,5
2088,1,5
2089,0,5
2090,1,4
2091,1,5
2092,0,3
2093,1,5
2094,1,5
2095,1,5
2096,1,3
2097,1,5
2098,1,5
2099,1,4
2100,1,3
2101,1,5
2102,0,4
2103,1,5
2104,1,5
2105,1,5
2106,0,5
2107,1,5
2108,1,3
2109,1,5
2110,1,5
2111,1,5
2112,1,4
2113,1,5
2114,1,5
2115,1,4
2116,1,5
2117,0,4
2118,0,4
2119,1,4
2120,1,5
2121,1,5
2122,0,4
2123,1,5
2124,0,5
2125,0,5
2126,0,4
2127,0,5
2128,1,5
2129,1,3
2130,1,4
2131,1,5
2132,1,5
2133,1,5
2134,0,3
2135,1,3
2136,1,5
2137,1,5
2138,0,5
2139,1,3
2140,1,5
2141,0,4
2142,1,4
2143,1,5
2144,1,3
2145,0,5
2146,1,3
2147,1,3
2148,1,5
2149,0,5
2150,1,5
2151,1,5
2152,1,5
2153,1,5
2154,1,5
2155,1,5
2156,1,5
2157,1,5
2158,1,5
2159,1,5
2160,1,5
2161,1,5
2162,1,5
2163,1,5
2164,0,5
2165,0,5
2166,1,5
2167,1,5
2168,1,5
2169,1,5
2170,1,5
2171,0,5
2172,0,3
2173,1,4
2174,1,4
2175,1,5
2176,1,5
2177,1,5
2178,0,5
2179,1,5
2180,1,5
2181,1,5
2182,1,5
2183,1,5
2184,0,3
2185,0,4
2186,1,5
2187,1,5
2188,0,4
2189,1,4
2190,1,5
2191,1,5
2192,1,5
2193,1,5
2194,1,5
2195,1,5
2196,0,4
2197,1,5
2198,1,5
2199,1,5
2200,1,4
2201,1,5
2202,1,5
2203,1,5
2204,0,5
2205,1,5
2206,1,5
2207,0,3
2208,0,5
2209,1,5
2210,1,5
2211,1,5
2212,1,4
2213,1,5
2214,1,5
2215,1,5
2216,1,5
2217,0,4
2218,0,5
2219,1,5
2220,0,4
2221,1,5
2222,1,3
2223,0,3
2224,0,5
2225,1,5
2226,0,5
2227,1,5
2228,1,5
2229,1,5
2230,1,5
2231,0,3
2232,1,5
2233,1,5
2234,0,5
2235,1,5
2236,1,5
2237,0,4
2238,1,5
2239,1,5
2240,0,4
2241,0,5
2242,1,5
2243,1,5
2244,1,5
2245,1,5
2246,0,4
2247,1,5
2248,0,5
2249,0,4
2250,0,5
2251,1,5
2252,1,4
2253,1,5
2254,1,5
2255,1,5
2256,1,5
2257,1,4
2258,0,5
2259,0,4
2260,1,5
2261,1,5
2262,1,4
2263,1,5
2264,1,5
2265,1,3
2266,1,5
2267,1,5
2268,0,5
2269,1,5
2270,1,5
2271,1,4
2272,1,5
2273,1,5
2274,1,5
2275,1,5
2276,1,5
2277,1,5
2278,1,5
2279,1,5
2280,0,5
2281,0,5
2282,1,4
2283,1,5
2284,1,3
2285,1,5
2286,0,5
2287,0,5
2288,1,4
2289,1,5
2290,1,5
2291,1,5
2292,1,5
2293,1,3
2294,0,3
2295,1,5
2296,1,5
2297,1,5
2298,0,4
2299,1,5
2300,1,5
2301,0,4
2302,1,5
2303,1,5
2304,1,5
2305,0,5
2306,1,5
2307,0,5
2308,1,5
2309,0,4
2310,0,5
2311,0,5
2312,0,4
2313,1,5
2314,1,5
2315,1,5
2316,0,5
2317,1,5
2318,0,5
2319,1,5
2320,1,5
2321,0,4
2322,1,5
2323,1,5
2324,1,5
2325,0,5
2326,1,5
2327,0,5
2328,1,5
2329,1,4
2330,1,5
2331,1,3
2332,1,5
2333,1,5
2334,1,5
2335,1,3
2336,1,5
2337,1,5
2338,0,5
2339,1,5
2340,0,5
2341,1,5
2342,1,5
2343,1,5
2344,1,5
2345,0,5
2346,1,5
2347,1,4
2348,0,3
2349,1,5
2350,1,5
2351,0,5
2352,1,5
2353,1,5
2354,1,5
2355,1,5
2356,1,5
2357,1,5
2358,1,5
2359,0,4
2360,1,5
2361,1,5
2362,1,5
2363,1,5
2364,1,5
2365,1,4
2366,0,5
2367,1,4
2368,1,5
2369,1,5
2370,1,5
2371,1,4
2372,1,5
2373,1,5
2374,1,5
2375,1,5
2376,1,5
2377,1,5
2378,1,5
2379,0,5
2380,1,5
2381,1,5
2382,0,4
2383,1,5
2384,1,5
2385,1,5
2386,1,5
2387,1,5
2388,1,3
2389,1,5
2390,1,5
2391,1,4
2392,1,4
2393,1,4
2394,0,5
2395,0,5
2396,1,3
2397,1,5
2398,1,5
2399,1,5
2400,1,5
2401,1,5
2402,1,5
2403,1,5
2404,1,3
2405,1,5
2406,0,4
2407,1,5
2408,1,5
2409,1,5
2410,1,5
2411,1,5
2412,1,5
2413,0,5
2414,1,5
2415,1,5
2416,0,5
2417,1,5
2418,1,4
2419,0,5
2420,1,5
2421,1,5
2422,1,5
2423,1,5
2424,0,5
2425,1,5
2426,1,5
2427,1,5
2428,1,5
2429,1,4
2430,1,5
2431,1,5
2432,1,5
2433,1,4
2434,1,5
2435,1,5
2436,1,5
2437,1,5
2438,0,5
2439,1,5
2440,1,5
2441,0,3
2442,1,5
2443,0,5
2444,1,5
2445,1,5
2446,1,5
2447,1,3
2448,1,5
2449,1,5
2450,1,5
2451,0,5
2452,0,4
2453,1,5
2454,1,3
2455,0,4
2456,1,5
2457,1,5
2458,1,3
2459,1,5
2460,1,5
2461,1,4
2462,1,5
2463,0,3
2464,1,5
2465,1,5
2466,1,5
2467,1,5
2468,1,5
2469,1,5
2470,1,4
2471,1,5
2472,1,4
2473,1,5
2474,0,3
2475,1,5
2476,1,5
2477,1,5
2478,1,5
2479,0,5
2480,1,5
2481,1,5
2482,1,5
2483,1,4
2484,1,4
2485,1,5
2486,1,5
2487,1,4
2488,0,4
2489,1,5
2490,0,5
2491,1,5
2492,1,5
2493,1,5
2494,1,5
2495,0,5
2496,0,3
2497,1,5
2498,1,5
2499,0,5
2500,1,4
2501,0,5
2502,0,5
2503,0,5
2504,1,3
2505,0,4
2506,0,5
2507,0,5
2508,0,4
2509,1,4
2510,1,3
2511,0,5
2512,0,5
2513,0,5
2514,0,5
2515,0,5
2516,0,5
2517,0,5
2518,0,5
2519,0,5
2520,1,4
2521,0,5
2522,0,5
2523,0,5
2524,0,5
2525,0,4
2526,0,4
2527,0,5
2528,0,5
2529,0,4
2530,0,5
2531,0,5
2532,1,4
2533,0,5
2534,0,5
2535,0,5
2536,0,5
2537,0,5
2538,0,5
2539,0,5
2540,1,5
2541,0,5
2542,0,5
2543,0,5
2544,0,5
2545,0,5
2546,0,5
2547,1,5
2548,1,3
2549,0,5
2550,0,5
2551,0,5
2552,0,5
2553,0,5
2554,0,5
2555,0,5
2556,0,3
2557,0,5
2558,0,5
2559,0,5
2560,1,4
2561,0,4
2562,0,5
2563,0,3
2564,0,5
2565,0,5
2566,1,5
2567,1,5
2568,0,5
2569,0,5
2570,0,4
2571,0,5
2572,0,5
2573,0,5
2574,0,5
2575,0,5
2576,0,5
2577,1,4
2578,0,5
2579,0,3
2580,0,5
2581,0,5
2582,1,5
2583,0,4
2584,0,5
2585,0,5
2586,0,4
2587,0,3
2588,0,3
2589,0,5
2590,0,5
2591,0,5
2592,0,5
2593,0,5
2594,0,5
2595,0,5
2596,0,5
2597,1,4
2598,0,5
2599,0,5
2600,0,5
2601,1,4
2602,0,5
2603,1,5
2604,0,5
2605,0,5
2606,1,3
2607,1,5
2608,0,5
2609,1,4
2610,0,5
2611,0,5
2612,0,5
2613,0,5
2614,0,5
2615,0,5
2616,0,5
2617,0,5
2618,0,5
2619,0,5
2620,0,5
2621,0,5
2622,0,5
2623,0,5
2624,0,4
2625,0,4
2626,0,4
2627,1,4
2628,0,5
2629,0,5
2630,0,5
2631,0,5
2632,0,5
2633,0,5
2634,0,5
2635,0,5
2636,0,5
2637,1,5
2638,0,5
2639,0,5
2640,0,5
2641,0,5
2642,0,5
2643,0,4
2644,0,5
2645,0,5
2646,0,5
2647,0,5
2648,0,5
2649,0,5
2650,1,3
2651,0,5
2652,0,5
2653,0,5
2654,0,5
2655,0,4
2656,0,5
2657,0,5
2658,0,5
2659,1,5
2660,1,5
2661,0,5
2662,0,5
2663,0,5
2664,0,5
2665,0,5
2666,0,5
2667,1,4
2668,0,5
2669,0,5
2670,0,5
2671,0,5
2672,0,5
2673,0,5
2674,0,5
2675,0,5
2676,0,5
2677,0,4
2678,0,5
2679,0,5
2680,0,5
2681,0,5
2682,0,5
2683,0,5
2684,0,5
2685,0,5
2686,0,5
2687,0,5
2688,0,5
2689,0,5
2690,0,5
2691,0,5
2692,0,5
2693,0,5
2694,1,4
2695,0,5
2696,0,5
2697,0,5
2698,0,5
2699,0,5
2700,1,5
2701,0,5
2702,0,5
2703,0,5
2704,0,5
2705,0,5
2706,0,5
2707,1,5
2708,0,5
2709,0,5
2710,0,5
2711,0,4
2712,1,5
2713,0,5
2714,0,5
2715,0,5
2716,1,3
2717,0,5
2718,1,5
2719,0,5
2720,0,5
2721,0,5
2722,0,5
2723,0,5
2724,0,5
2725,0,5
2726,0,5
2727,0,5
2728,0,5
2729,0,5
2730,0,5
2731,0,5
2732,0,5
2733,0,5
2734,0,5
2735,0,3
2736,0,5
2737,0,5
2738,0,5
2739,0,5
2740,0,5
2741,0,4
2742,0,5
2743,0,5
2744,0,5
2745,0,5
2746,0,5
2747,0,5
2748,0,5
2749,0,5
2750,0,5
2751,0,5
2752,0,5
2753,0,5
2754,0,5
2755,0,5
2756,0,5
2757,0,5
2758,0,5
2759,0,5
2760,0,5
2761,0,5
2762,0,5
2763,0,5
2764,1,4
2765,0,5
2766,0,4
2767,0,5
2768,0,5
2769,0,5
2770,0,5
2771,0,5
2772,0,5
2773,0,5
2774,0,5
2775,0,5
2776,0,3
2777,0,5
2778,0,5
2779,0,5
2780,0,5
2781,0,5
2782,0,5
2783,0,5
2784,0,5
2785,0,5
2786,0,5
2787,0,5
2788,0,5
2789,0,5
2790,0,5
2791,0,5
2792,0,5
2793,0,5
2794,0,4
2795,0,5
2796,0,5
2797,0,5
2798,0,5
2799,0,3
2800,0,5
2801,0,5
2802,0,4
2803,0,5
2804,0,5
2805,0,5
2806,1,5
2807,1,5
2808,0,5
2809,0,5
2810,0,5
2811,0,5
2812,0,3
2813,0,5
2814,0,5
2815,0,5
2816,0,5
2817,1,5
2818,1,4
2819,0,5
2820,0,5
2821,0,5
2822,0,5
2823,0,5
2824,0,5
2825,0,5
2826,0,5
2827,0,5
2828,0,5
2829,0,5
2830,0,5
2831,0,5
2832,0,5
2833,0,5
2834,0,5
2835,0,5
2836,0,5
2837,0,4
2838,1,4
2839,0,5
2840,0,5
2841,0,5
2842,0,4
2843,1,3
2844,0,5
2845,0,5
2846,0,5
2847,1,5
2848,0,5
2849,0,5
2850,0,5
2851,0,5
2852,0,5
2853,0,5
2854,0,5
2855,0,5
2856,0,5
2857,0,5
2858,0,5
2859,0,5
2860,0,5
2861,0,5
2862,0,5
2863,0,4
2864,0,5
2865,1,5
2866,0,5
2867,0,5
2868,0,5
2869,0,5
2870,0,5
2871,0,5
2872,0,5
2873,0,5
2874,0,5
2875,0,5
2876,0,5
2877,0,5
2878,0,5
2879,0,5
2880,0,5
2881,0,5
2882,0,5
2883,0,5
2884,0,5
2885,0,5
2886,0,5
2887,0,5
2888,0,5
2889,1,3
2890,0,5
2891,0,5
2892,0,5
2893,1,5
2894,0,5
2895,0,5
2896,1,3
2897,0,5
2898,0,5
2899,0,5
2900,0,5
2901,0,5
2902,0,5
2903,0,5
2904,0,4
2905,0,5
2906,0,5
2907,0,5
2908,0,5
2909,0,5
2910,0,5
2911,0,5
2912,0,5
2913,0,5
2914,0,5
2915,1,5
2916,0,5
2917,0,5
2918,0,5
2919,0,5
2920,0,3
2921,0,5
2922,0,5
2923,0,4
2924,0,5
2925,0,5
2926,0,5
2927,0,5
2928,0,5
2929,1,5
2930,0,5
2931,0,5
2932,0,5
2933,0,5
2934,1,5
2935,0,5
2936,0,5
2937,0,5
2938,0,5
2939,1,4
2940,0,5
2941,0,5
2942,0,5
2943,0,5
2944,0,5
2945,0,5
2946,0,5
2947,0,5
2948,0,5
2949,0,5
2950,0,5
2951,0,5
2952,0,5
2953,0,5
2954,0,5
2955,0,5
2956,0,5
2957,0,5
2958,0,5
2959,0,5
2960,0,5
2961,0,5
2962,0,5
2963,0,5
2964,0,5
2965,0,5
2966,0,5
2967,0,5
2968,0,5
2969,0,5
2970,0,5
2971,0,5
2972,0,5
2973,0,5
2974,0,5
2975,0,5
2976,1,4
2977,0,5
2978,0,5
2979,0,5
2980,0,5
2981,0,5
2982,0,5
2983,0,5
2984,0,5
2985,0,5
2986,0,5
2987,0,5
2988,0,5
2989,0,5
2990,0,5
2991,0,5
2992,0,4
2993,0,5
2994,0,5
2995,0,5
2996,1,5
2997,1,4
2998,1,4
2999,0,5
3000,0,5
3001,0,5
3002,0,3
3003,0,5
3004,0,5
3005,0,5
3006,0,4
3007,0,5
3008,0,5
3009,0,5
3010,0,5
3011,0,5
3012,1,5
3013,0,5
3014,0,5
3015,0,5
3016,0,5
3017,0,5
3018,0,4
3019,0,5
3020,0,5
3021,0,5
3022,0,5
3023,0,5
3024,0,5
3025,0,5
3026,0,5
3027,0,5
3028,0,5
3029,0,5
3030,0,5
3031,0,5
3032,0,5
3033,0,5
3034,0,4
3035,0,5
3036,0,5
3037,0,5
3038,0,5
3039,0,5
3040,0,5
3041,0,5
3042,0,5
3043,0,5
3044,1,5
3045,0,5
3046,0,5
3047,0,5
3048,0,5
3049,0,3
3050,0,5
3051,0,5
3052,0,5
3053,0,5
3054,0,5
3055,0,5
3056,0,5
3057,1,3
3058,1,4
3059,0,5
3060,0,4
3061,1,5
3062,0,5
3063,1,5
3064,0,5
3065,0,5
3066,0,5
3067,0,5
3068,0,5
3069,0,5
3070,0,4
3071,0,5
3072,1,5
3073,0,4
3074,0,5
3075,0,5
3076,0,5
3077,1,5
3078,0,5
3079,0,5
3080,1,5
3081,0,4
3082,0,5
3083,0,5
3084,0,5
3085,0,5
3086,0,5
3087,0,5
3088,0,5
3089,0,5
3090,0,5
3091,0,5
3092,0,5
3093,0,5
3094,0,5
3095,0,5
3096,0,5
3097,0,5
3098,0,5
3099,0,5
3100,0,5
3101,0,5
3102,0,5
3103,0,5
3104,0,5
3105,0,5
3106,0,5
3107,0,5
3108,0,5
3109,1,4
3110,1,4
3111,0,5
3112,0,5
3113,0,5
3114,0,5
3115,0,5
3116,0,5
3117,0,5
3118,0,5
3119,1,5
3120,0,5
3121,0,5
3122,0,5
3123,0,5
3124,0,5
3125,0,5
3126,0,5
3127,0,5
3128,1,5
3129,0,5
3130,0,5
3131,0,5
3132,1,5
3133,0,5
3134,1,5
3135,0,5
3136,0,5
3137,0,5
3138,0,5
3139,0,5
3140,0,5
3141,1,4
3142,0,5
3143,0,5
3144,0,5
3145,0,5
3146,0,5
3147,0,5
3148,0,5
3149,0,5
3150,0,5
3151,0,4
3152,0,5
3153,1,5
3154,0,5
3155,0,5
3156,0,5
3157,0,5
3158,0,5
3159,0,5
3160,0,5
3161,0,5
3162,0,5
3163,0,5
3164,0,5
3165,0,5
3166,0,5
3167,0,5
3168,1,5
3169,0,5
3170,1,5
3171,0,5
3172,0,5
3173,0,5
3174,0,5
3175,1,4
3176,0,5
3177,1,5
3178,0,5
3179,0,5
3180,0,5
3181,0,5
3182,0,5
3183,0,5
3184,0,5
3185,0,5
3186,0,5
3187,0,5
3188,0,5
3189,1,3
3190,0,5
3191,0,5
3192,0,3
3193,0,5
3194,0,4
3195,0,5
3196,0,5
3197,0,4
3198,0,4
3199,0,3
3200,0,5
3201,0,5
3202,0,5
3203,0,5
3204,0,5
3205,0,3
3206,0,5
3207,0,5
3208,0,5
3209,0,3
3210,0,5
3211,0,5
3212,0,5
3213,0,5
3214,0,5
3215,0,5
3216,0,3
3217,0,5
3218,0,5
3219,0,5
3220,0,5
3221,0,5
3222,0,5
3223,0,5
3224,0,5
3225,0,5
3226,0,5
3227,0,5
3228,0,5
3229,0,4
3230,0,5
3231,0,5
3232,0,5
3233,0,5
3234,1,5
3235,1,3
3236,0,5
3237,0,5
3238,0,5
3239,0,5
3240,1,3
3241,0,5
3242,1,5
3243,0,5
3244,0,4
3245,0,5
3246,1,4
3247,0,5
3248,0,5
3249,0,5
3250,0,5
3251,0,5
3252,0,5
3253,0,5
3254,0,5
3255,0,5
3256,0,5
3257,0,5
3258,0,4
3259,0,5
3260,1,5
3261,1,5
3262,0,5
3263,0,5
3264,0,5
3265,0,5
3266,0,5
3267,0,5
3268,1,5
3269,0,5
3270,0,5
3271,0,5
3272,0,5
3273,0,5
3274,0,5
3275,0,4
3276,0,5
3277,1,5
3278,0,4
3279,0,5
3280,0,5
3281,0,5
3282,0,5
3283,0,5
3284,1,5
3285,0,5
3286,0,5
3287,0,5
3288,0,5
3289,0,5
3290,0,5
3291,0,4
3292,0,5
3293,0,5
3294,0,5
3295,0,5
3296,0,5
3297,0,5
3298,0,5
3299,0,5
3300,0,5
3301,0,5
3302,0,5
3303,0,5
3304,0,5
3305,0,5
3306,1,5
3307,0,5
3308,0,5
3309,0,5
3310,0,5
3311,0,5
3312,0,4
3313,0,5
3314,0,5
3315,1,5
3316,0,5
3317,0,5
3318,0,5
3319,0,5
3320,1,4
3321,1,5
3322,0,5
3323,0,4
3324,0,5
3325,0,5
3326,0,5
3327,0,5
3328,0,5
3329,0,5
3330,0,5
3331,0,5
3332,0,5
3333,0,4
3334,0,4
3335,1,5
3336,0,5
3337,0,5
3338,1,5
3339,0,4
3340,0,4
3341,0,5
3342,0,5
3343,0,5
3344,0,4
3345,0,5
3346,0,5
3347,0,5
3348,0,5
3349,0,5
3350,0,5
3351,1,4
3352,1,4
3353,0,5
3354,0,5
3355,1,4
3356,0,5
3357,1,5
3358,0,5
3359,0,5
3360,0,5
3361,0,5
3362,1,5
3363,0,5
3364,0,5
3365,0,5
3366,0,5
3367,1,5
3368,1,5
3369,0,5
3370,0,5
3371,0,5
3372,0,5
3373,1,5
3374,0,5
3375,0,5
3376,0,5
3377,0,5
3378,0,5
3379,0,5
3380,0,5
3381,0,5
3382,0,5
3383,1,5
3384,1,5
3385,0,5
3386,0,5
3387,0,5
3388,0,4
3389,0,5
3390,0,5
3391,0,5
3392,0,5
3393,0,5
3394,0,5
3395,0,5
3396,1,5
3397,0,5
3398,0,5
3399,0,5
3400,0,5
3401,0,5
3402,0,5
3403,0,5
3404,0,4
3405,0,5
3406,0,5
3407,0,5
3408,0,5
3409,0,5
3410,0,5
3411,0,5
3412,1,5
3413,0,5
3414,0,5
3415,0,5
3416,0,5
3417,0,5
3418,0,5
3419,0,5
3420,0,5
3421,0,5
3422,0,5
3423,0,4
3424,0,3
3425,0,5
3426,0,5
3427,0,4
3428,0,3
3429,0,5
3430,0,4
3431,0,5
3432,0,5
3433,0,5
3434,0,5
3435,0,5
3436,0,5
3437,0,5
3438,0,5
3439,0,5
3440,0,5
3441,0,5
3442,0,5
3443,0,5
3444,0,5
3445,0,5
3446,0,5
3447,1,4
3448,0,5
3449,0,5
3450,1,5
3451,0,5
3452,1,3
3453,0,5
3454,0,5
3455,0,5
3456,0,5
3457,0,4
3458,0,5
3459,0,5
3460,0,5
3461,0,5
3462,0,5
3463,0,5
3464,0,5
3465,0,5
3466,0,5
3467,0,5
3468,0,5
3469,0,4
3470,0,4
3471,0,5
3472,0,5
3473,0,5
3474,1,5
3475,1,4
3476,0,5
3477,0,5
3478,0,5
3479,0,3
3480,1,3
3481,0,5
3482,0,5
3483,0,4
3484,0,5
3485,0,5
3486,0,5
3487,0,5
3488,0,5
3489,0,5
3490,1,5
3491,0,5
3492,0,5
3493,0,4
3494,0,5
3495,0,5
3496,0,5
3497,0,5
3498,0,5
3499,0,5
3500,1,5
3501,0,3
3502,0,5
3503,0,5
3504,0,5
3505,0,5
3506,1,5
3507,0,5
3508,0,5
3509,0,4
3510,0,5
3511,0,5
3512,0,5
3513,0,5
3514,0,4
3515,0,5
3516,0,5
3517,0,5
3518,0,5
3519,0,5
3520,0,5
3521,0,5
3522,0,4
3523,0,5
3524,0,5
3525,0,5
3526,0,5
3527,0,5
3528,0,5
3529,0,5
3530,0,5
3531,0,5
3532,0,5
3533,1,5
3534,0,5
3535,0,5
3536,0,5
3537,0,5
3538,0,4
3539,0,5
3540,0,5
3541,0,5
3542,0,5
3543,0,5
3544,0,5
3545,0,5
3546,1,5
3547,0,5
3548,0,5
3549,0,5
3550,1,3
3551,0,5
3552,0,5
3553,0,5
3554,0,5
3555,0,5
3556,0,5
3557,0,5
3558,0,5
3559,0,5
3560,0,5
3561,0,5
3562,1,5
3563,0,5
3564,1,5
3565,0,5
3566,0,4
3567,0,5
3568,0,5
3569,0,5
3570,0,5
3571,0,5
3572,0,5
3573,0,5
3574,0,5
3575,0,5
3576,0,5
3577,0,5
3578,0,5
3579,0,5
3580,0,5
3581,0,4
3582,0,5
3583,0,5
3584,0,4
3585,1,5
3586,0,5
3587,0,5
3588,0,5
3589,1,5
3590,0,3
3591,1,3
3592,0,5
3593,1,5
3594,0,5
3595,0,5
3596,0,5
3597,0,5
3598,0,5
3599,1,4
3600,0,5
3601,1,5
3602,1,5
3603,0,5
3604,0,5
3605,0,5
3606,0,5
3607,0,5
3608,0,5
3609,0,5
3610,0,5
3611,0,5
3612,0,5
3613,0,5
3614,0,5
3615,0,5
3616,1,5
3617,0,5
3618,0,5
3619,0,4
3620,0,4
3621,0,5
3622,0,5
3623,0,5
3624,0,5
3625,0,5
3626,0,5
3627,0,5
3628,0,5
3629,0,5
3630,1,5
3631,0,5
3632,1,5
3633,1,5
3634,0,5
3635,0,5
3636,1,5
3637,1,5
3638,0,5
3639,1,5
3640,0,5
3641,1,4
3642,0,5
3643,0,5
3644,0,5
3645,1,5
3646,0,5
3647,1,5
3648,1,3
3649,0,5
3650,0,5
3651,0,5
3652,1,5
3653,0,5
3654,1,5
3655,0,5
3656,0,5
3657,1,5
3658,0,5
3659,0,5
3660,1,5
3661,0,5
3662,0,5
3663,0,5
3664,0,5
3665,0,5
3666,0,5
3667,0,5
3668,0,5
3669,0,5
3670,0,5
3671,1,5
3672,0,5
3673,0,5
3674,1,5
3675,0,3
3676,0,5
3677,1,3
3678,1,5
3679,0,5
3680,0,5
3681,0,5
3682,0,4
3683,0,5
3684,0,4
3685,0,5
3686,0,5
3687,0,5
3688,0,5
3689,0,5
3690,1,4
3691,0,5
3692,0,5
3693,0,4
3694,0,5
3695,0,4
3696,0,5
3697,1,5
3698,0,5
3699,0,4
3700,0,4
3701,0,5
3702,0,5
3703,0,5
3704,0,5
3705,1,3
3706,0,5
3707,0,5
3708,0,3
3709,0,5
3710,1,5
3711,0,5
3712,0,5
3713,1,5
3714,0,5
3715,1,5
3716,0,5
3717,0,3
3718,0,3
3719,0,3
3720,0,5
3721,0,5
3722,0,5
3723,0,5
3724,0,4
3725,0,5
3726,0,5
3727,0,5
3728,1,3
3729,1,4
3730,0,5
3731,0,5
3732,0,5
3733,0,5
3734,0,5
3735,0,4
3736,0,5
3737,0,5
3738,0,5
3739,0,5
3740,0,5
3741,0,5
3742,0,3
3743,0,5
3744,0,5
3745,0,5
3746,0,5
3747,0,4
3748,1,4
3749,0,5
3750,0,5
3751,0,5
3752,0,5
3753,0,5
3754,1,4
3755,0,5
3756,0,5
3757,0,5
3758,0,4
3759,0,5
3760,0,3
3761,0,5
3762,0,5
3763,0,5
3764,0,5
3765,0,5
3766,0,5
3767,0,4
3768,1,4
3769,1,4
3770,0,5
3771,0,5
3772,0,5
3773,0,4
3774,0,5
3775,0,5
3776,0,5
3777,0,5
3778,0,5
3779,0,5
3780,0,5
3781,0,5
3782,0,5
3783,1,4
3784,0,5
3785,0,5
3786,0,5
3787,0,5
3788,0,5
3789,1,5
3790,0,5
3791,0,5
3792,0,5
3793,0,5
3794,0,5
3795,0,5
3796,0,5
3797,1,5
3798,0,5
3799,0,5
3800,0,5
3801,0,5
3802,0,4
3803,0,5
3804,0,5
3805,0,5
3806,0,5
3807,0,5
3808,0,5
3809,0,4
3810,0,5
3811,0,5
3812,1,4
3813,0,5
3814,0,3
3815,0,5
3816,0,5
3817,0,5
3818,1,4
3819,0,5
3820,0,5
3821,0,4
3822,0,5
3823,0,3
3824,0,5
3825,0,5
3826,1,3
3827,0,5
3828,0,5
3829,1,3
3830,0,4
3831,1,5
3832,0,5
3833,1,3
3834,0,5
3835,0,5
3836,0,5
3837,0,5
3838,0,5
3839,1,5
3840,0,5
3841,0,5
3842,0,5
3843,0,5
3844,0,4
3845,0,4
3846,0,5
3847,0,4
3848,1,5
3849,0,5
3850,0,5
3851,0,5
3852,0,5
3853,0,5
3854,0,5
3855,0,5
3856,0,5
3857,0,5
3858,0,4
3859,0,5
3860,0,5
3861,0,5
3862,0,5
3863,1,5
3864,0,5
3865,1,4
3866,0,5
3867,0,5
3868,0,5
3869,0,5
3870,0,5
3871,1,5
3872,0,5
3873,0,5
3874,0,5
3875,0,5
3876,0,5
3877,0,5
3878,1,3
3879,0,4
3880,0,5
3881,0,5
3882,0,5
3883,0,5
3884,0,5
3885,0,5
3886,0,5
3887,0,5
3888,0,5
3889,0,5
3890,0,5
3891,1,5
3892,1,3
3893,0,5
3894,0,5
3895,1,3
3896,0,5
3897,0,5
3898,0,5
3899,0,5
3900,0,5
3901,0,5
3902,0,3
3903,0,5
3904,0,5
3905,1,5
3906,0,5
3907,1,5
3908,0,4
3909,0,5
3910,1,4
3911,1,5
3912,1,4
3913,0,5
3914,0,5
3915,0,5
3916,0,5
3917,1,5
3918,0,5
3919,0,5
3920,0,5
3921,0,5
3922,0,5
3923,0,3
3924,1,4
3925,0,5
3926,0,5
3927,0,5
3928,0,5
3929,1,3
3930,0,5
3931,0,5
3932,0,5
3933,1,4
3934,0,5
3935,1,4
3936,0,5
3937,0,5
3938,0,4
3939,0,5
3940,0,3
3941,0,5
3942,0,5
3943,1,3
3944,1,3
3945,0,5
3946,0,5
3947,0,5
3948,0,5
3949,0,5
3950,0,5
3951,0,5
3952,0,5
3953,0,5
3954,1,5
3955,1,4
3956,0,4
3957,0,5
3958,0,3
3959,0,5
3960,0,5
3961,1,5
3962,0,5
3963,0,5
3964,0,5
3965,1,5
3966,0,5
3967,0,5
3968,1,5
3969,0,5
3970,1,5
3971,0,4
3972,0,5
3973,0,5
3974,0,4
3975,0,5
3976,0,5
3977,0,5
3978,1,4
3979,1,5
3980,1,5
3981,0,3
3982,0,5
3983,0,5
3984,0,5
3985,0,5
3986,1,5
3987,1,5
3988,0,5
3989,0,5
3990,0,5
3991,0,5
3992,0,5
3993,0,5
3994,0,5
3995,1,5
3996,0,5
3997,0,5
3998,0,5
3999,0,5
4000,0,5
4001,0,3
4002,0,5
4003,0,4
4004,1,5
4005,0,3
4006,0,5
4007,0,4
4008,1,5
4009,0,5
4010,0,5
4011,1,4
4012,0,5
4013,0,4
4014,0,5
4015,1,3
4016,0,5
4017,0,5
4018,0,5
4019,0,3
4020,0,5
4021,0,5
4022,0,5
4023,0,5
4024,1,4
4025,0,5
4026,1,5
4027,1,5
4028,0,5
4029,0,5
4030,1,5
4031,0,5
4032,0,5
4033,0,5
4034,0,5
4035,0,5
4036,0,5
4037,1,3
4038,0,5
4039,1,5
4040,0,5
4041,1,4
4042,0,5
4043,0,5
4044,1,5
4045,0,3
4046,0,5
4047,0,5
4048,0,5
4049,0,5
4050,0,4
4051,0,5
4052,0,5
4053,0,5
4054,0,5
4055,1,5
4056,1,5
4057,0,5
4058,1,5
4059,0,5
4060,0,5
4061,0,5
4062,0,5
4063,0,5
4064,0,5
4065,0,5
4066,0,5
4067,1,5
4068,0,5
4069,0,5
4070,0,4
4071,0,5
4072,0,5
4073,0,3
4074,0,5
4075,0,5
4076,0,5
4077,0,5
4078,0,5
4079,0,5
4080,0,5
4081,1,3
4082,1,5
4083,0,5
4084,1,3
4085,1,5
4086,0,5
4087,0,3
4088,0,5
4089,0,5
4090,0,5
4091,1,5
4092,0,5
4093,0,5
4094,0,5
4095,0,4
4096,0,5
4097,0,3
4098,0,5
4099,0,5
4100,0,5
4101,1,5
4102,0,5
4103,0,4
4104,1,5
4105,0,3
4106,0,5
4107,0,5
4108,0,5
4109,0,5
4110,1,5
4111,0,5
4112,0,5
4113,1,5
4114,0,5
4115,0,5
4116,0,5
4117,0,4
4118,0,5
4119,0,5
4120,1,5
4121,0,5
4122,0,3
4123,0,5
4124,0,5
4125,0,5
4126,0,5
4127,0,5
4128,0,5
4129,1,5
4130,1,4
4131,0,5
4132,0,5
4133,0,5
4134,0,5
4135,0,5
4136,0,5
4137,0,5
4138,0,4
4139,0,3
4140,0,5
4141,1,3
4142,0,5
4143,0,5
4144,0,5
4145,0,5
4146,1,5
4147,0,5
4148,0,4
4149,1,5
4150,0,5
4151,0,5
4152,0,3
4153,0,4
4154,0,5
4155,0,4
4156,0,4
4157,0,4
4158,0,5
4159,1,5
4160,0,5
4161,0,5
4162,0,4
4163,0,5
4164,0,5
4165,0,5
4166,0,3
4167,1,5
4168,0,5
4169,0,5
4170,1,4
4171,1,5
4172,1,5
4173,0,5
4174,1,4
4175,0,5
4176,0,5
4177,0,3
4178,0,5
4179,0,4
4180,0,4
4181,0,5
4182,0,5
4183,0,5
4184,0,5
4185,0,5
4186,0,5
4187,0,5
4188,1,3
4189,0,5
4190,1,5
4191,0,5
4192,0,5
4193,0,5
4194,0,4
4195,0,5
4196,0,5
4197,0,5
4198,0,5
4199,0,5
4200,0,5
4201,0,5
4202,1,5
4203,0,5
4204,0,5
4205,0,5
4206,0,4
4207,1,5
4208,0,3
4209,0,5
4210,1,5
4211,0,5
4212,0,5
4213,0,4
4214,1,3
4215,0,5
4216,0,5
4217,0,5
4218,0,5
4219,0,5
4220,0,5
4221,0,5
4222,0,3
4223,0,5
4224,0,5
4225,0,5
4226,0,5
4227,0,5
4228,0,5
4229,0,4
4230,0,5
4231,0,5
4232,1,5
4233,0,5
4234,0,5
4235,1,5
4236,0,5
4237,0,5
4238,0,5
4239,0,5
4240,0,5
4241,0,3
4242,0,5
4243,0,5
4244,1,4
4245,0,5
4246,0,5
4247,0,3
4248,0,5
4249,0,5
4250,0,3
4251,0,5
4252,0,4
4253,0,5
4254,0,3
4255,0,5
4256,0,5
4257,0,5
4258,0,5
4259,0,5
4260,0,5
4261,0,3
4262,0,4
4263,0,5
4264,0,5
4265,0,5
4266,1,5
4267,0,5
4268,1,5
4269,0,5
4270,0,5
4271,0,5
4272,0,5
4273,0,5
4274,0,4
4275,0,5
4276,0,4
4277,1,5
4278,1,5
4279,0,5
4280,1,5
4281,0,5
4282,0,4
4283,0,3
4284,0,5
4285,1,5
4286,0,5
4287,0,5
4288,1,5
4289,0,5
4290,0,5
4291,0,5
4292,0,5
4293,0,5
4294,0,4
4295,0,5
4296,0,5
4297,0,5
4298,0,5
4299,0,5
4300,0,3
4301,0,5
4302,0,5
4303,0,5
4304,1,5
4305,0,5
4306,1,5
4307,0,4
4308,0,5
4309,0,5
4310,0,5
4311,1,4
4312,0,5
4313,0,4
4314,0,5
4315,1,4
4316,0,4
4317,0,5
4318,0,5
4319,1,4
4320,1,3
4321,0,5
4322,1,5
4323,0,5
4324,0,5
4325,0,5
4326,0,3
4327,1,5
4328,0,5
4329,1,5
4330,0,5
4331,1,5
4332,0,5
4333,0,4
4334,0,4
4335,0,3
4336,0,5
4337,1,4
4338,0,5
4339,0,5
4340,1,5
4341,0,5
4342,0,5
4343,0,5
4344,1,5
4345,0,5
4346,0,5
4347,0,5
4348,0,5
4349,1,3
4350,0,5
4351,0,5
4352,0,5
4353,0,5
4354,1,5
4355,0,5
4356,0,5
4357,0,5
4358,0,5
4359,1,4
4360,1,5
4361,0,5
4362,1,4
4363,0,5
4364,0,5
4365,0,5
4366,0,5
4367,0,5
4368,0,4
4369,0,5
4370,0,5
4371,0,5
4372,0,5
4373,0,5
4374,0,5
4375,0,5
4376,0,5
4377,0,5
4378,0,5
4379,0,5
4380,0,3
4381,0,4
4382,0,5
4383,0,5
4384,0,5
4385,1,5
4386,1,5
4387,0,4
4388,0,5
4389,0,5
4390,0,5
4391,0,5
4392,0,5
4393,1,5
4394,1,5
4395,0,5
4396,0,3
4397,0,5
4398,0,4
4399,1,3
4400,1,5
4401,0,5
4402,0,5
4403,0,5
4404,0,5
4405,0,4
4406,0,5
4407,0,5
4408,0,5
4409,0,5
4410,0,4
4411,0,5
4412,0,5
4413,0,5
4414,1,5
4415,0,5
4416,0,5
4417,0,3
4418,0,5
4419,0,3
4420,1,5
4421,0,3
4422,0,5
4423,0,5
4424,0,5
4425,0,5
4426,1,4
4427,0,5
4428,1,5
4429,0,5
4430,1,3
4431,0,3
4432,0,5
4433,0,3
4434,0,5
4435,1,5
4436,0,5
4437,0,5
4438,0,5
4439,0,5
4440,1,4
4441,1,4
4442,0,5
4443,0,5
4444,0,5
4445,0,5
4446,0,5
4447,1,5
4448,1,5
4449,0,5
4450,0,5
4451,0,5
4452,0,5
4453,0,5
4454,0,5
4455,0,4
4456,0,5
4457,0,5
4458,0,5
4459,0,5
4460,0,5
4461,0,4
4462,0,5
4463,0,5
4464,1,5
4465,1,3
4466,0,5
4467,0,5
4468,0,3
4469,1,5
4470,1,5
4471,0,5
4472,0,5
4473,0,4
4474,1,4
4475,0,5
4476,1,5
4477,0,5
4478,0,5
4479,1,5
4480,0,4
4481,0,5
4482,0,5
4483,0,5
4484,0,5
4485,0,5
4486,0,5
4487,0,5
4488,0,5
4489,0,5
4490,0,5
4491,0,5
4492,0,3
4493,0,3
4494,1,3
4495,0,5
4496,0,5
4497,0,5
4498,0,5
4499,0,5
4500,0,5
4501,0,5
4502,0,5
4503,0,5
4504,0,5
4505,0,5
4506,0,5
4507,0,5
4508,1,3
4509,0,3
4510,0,5
4511,0,5
4512,0,5
4513,1,5
4514,1,3
4515,0,5
4516,0,5
4517,0,5
4518,0,5
4519,1,5
4520,0,5
4521,0,4
4522,1,4
4523,1,3
4524,0,5
4525,1,4
4526,0,3
4527,0,3
4528,0,5
4529,0,5
4530,0,5
4531,0,5
4532,0,5
4533,0,5
4534,0,5
4535,0,5
4536,1,3
4537,1,5
4538,0,5
4539,1,5
4540,0,5
4541,0,5
4542,0,5
4543,0,5
4544,1,5
4545,0,5
4546,0,5
4547,0,5
4548,0,5
4549,0,5
4550,0,5
4551,0,5
4552,0,5
4553,0,5
4554,0,5
4555,0,5
4556,0,5
4557,0,5
4558,0,5
4559,0,4
4560,0,5
4561,0,5
4562,0,3
4563,0,5
4564,0,5
4565,0,5
4566,0,5
4567,0,5
4568,0,5
4569,0,5
4570,0,5
4571,0,5
4572,0,5
4573,1,4
4574,0,4
4575,1,5
4576,0,5
4577,0,5
4578,0,5
4579,1,5
4580,1,3
4581,0,5
4582,0,5
4583,1,3
4584,1,5
4585,1,5
4586,0,5
4587,0,5
4588,0,4
4589,0,3
4590,1,5
4591,0,5
4592,0,5
4593,1,5
4594,1,5
4595,0,5
4596,1,5
4597,0,5
4598,0,5
4599,0,5
4600,0,3
4601,0,5
4602,0,5
4603,0,5
4604,0,5
4605,0,5
4606,0,5
4607,0,5
4608,0,5
4609,1,5
4610,0,5
4611,0,5
4612,0,5
4613,0,5
4614,0,5
4615,0,5
4616,0,5
4617,0,5
4618,0,5
4619,1,5
4620,0,5
4621,0,4
4622,0,3
4623,0,5
4624,0,5
4625,0,5
4626,0,5
4627,1,5
4628,0,5
4629,1,4
4630,1,5
4631,0,5
4632,0,5
4633,0,5
4634,0,5
4635,1,3
4636,0,5
4637,1,4
4638,1,5
4639,0,5
4640,0,5
4641,0,4
4642,1,5
4643,0,5
4644,1,5
4645,0,5
4646,0,5
4647,0,5
4648,1,4
4649,0,5
4650,0,5
4651,1,5
4652,1,3
4653,0,5
4654,0,3
4655,0,4
4656,0,5
4657,0,5
4658,0,3
4659,0,4
4660,0,5
4661,0,4
4662,0,5
4663,1,3
4664,0,5
4665,0,5
4666,0,5
4667,1,5
4668,1,4
4669,0,3
4670,0,5
4671,1,4
4672,0,5
4673,0,5
4674,1,3
4675,0,5
4676,0,3
4677,0,5
4678,0,5
4679,0,5
4680,0,5
4681,1,5
4682,0,4
4683,0,5
4684,0,5
4685,0,5
4686,0,5
4687,1,5
4688,0,5
4689,1,4
4690,1,3
4691,0,5
4692,0,5
4693,0,5
4694,0,5
4695,1,5
4696,0,5
4697,0,4
4698,0,5
4699,0,5
4700,0,3
4701,1,4
4702,0,5
4703,0,3
4704,1,4
4705,0,5
4706,0,4
4707,0,5
4708,0,5
4709,1,3
4710,1,4
4711,0,5
4712,0,5
4713,1,4
4714,0,5
4715,1,5
4716,0,4
4717,0,5
4718,0,5
4719,1,3
4720,0,4
4721,0,5
4722,1,4
4723,0,5
4724,1,5
4725,1,3
4726,1,3
4727,0,3
4728,0,5
4729,0,5
4730,0,5
4731,1,5
4732,0,4
4733,0,5
4734,0,5
4735,0,5
4736,0,5
4737,0,5
4738,1,5
4739,1,5
4740,0,5
4741,0,5
4742,1,4
4743,0,5
4744,0,4
4745,1,5
4746,0,5
4747,0,5
4748,1,3
4749,1,4
4750,1,5
4751,1,3
4752,0,5
4753,1,5
4754,0,5
4755,0,3
4756,0,5
4757,1,4
4758,0,5
4759,0,5
4760,0,5
4761,0,5
4762,0,5
4763,1,5
4764,0,5
4765,0,5
4766,0,5
4767,1,3
4768,0,5
4769,0,5
4770,0,5
4771,0,5
4772,0,5
4773,0,5
4774,0,5
4775,0,5
4776,0,5
4777,0,4
4778,0,3
4779,0,5
4780,0,5
4781,1,3
4782,0,5
4783,1,4
4784,0,5
4785,1,4
4786,1,5
4787,0,5
4788,0,5
4789,1,3
4790,1,5
4791,1,5
4792,0,4
4793,0,5
4794,0,5
4795,0,5
4796,0,5
4797,0,5
4798,1,5
4799,0,5
4800,0,5
4801,0,5
4802,0,5
4803,1,5
4804,1,4
4805,0,5
4806,0,4
4807,0,5
4808,0,4
4809,0,5
4810,1,3
4811,0,4
4812,1,3
4813,0,5
4814,0,3
4815,1,5
4816,0,5
4817,0,5
4818,0,5
4819,0,5
4820,0,5
4821,0,5
4822,1,4
4823,0,5
4824,1,5
4825,1,5
4826,0,5
4827,0,4
4828,0,4
4829,0,5
4830,1,4
4831,0,5
4832,0,5
4833,1,4
4834,0,5
4835,0,5
4836,0,5
4837,0,5
4838,0,5
4839,0,5
4840,0,5
4841,1,5
4842,0,5
4843,0,5
4844,0,5
4845,0,5
4846,0,5
4847,0,3
4848,1,5
4849,1,5
4850,1,5
4851,1,5
4852,0,4
4853,0,5
4854,0,5
4855,1,5
4856,0,5
4857,0,5
4858,0,5
4859,0,5
4860,0,3
4861,0,4
4862,1,3
4863,0,4
4864,1,5
4865,0,5
4866,0,5
4867,0,5
4868,0,4
4869,0,5
4870,0,5
4871,1,5
4872,0,4
4873,1,5
4874,0,5
4875,0,5
4876,0,5
4877,0,5
4878,0,3
4879,0,5
4880,0,4
4881,0,5
4882,1,5
4883,1,3
4884,0,5
4885,0,5
4886,1,5
4887,0,5
4888,0,5
4889,0,5
4890,0,5
4891,0,5
4892,0,5
4893,0,5
4894,0,5
4895,0,5
4896,0,3
4897,0,4
4898,0,3
4899,1,5
4900,0,5
4901,1,4
4902,0,5
4903,0,5
4904,0,5
4905,0,5
4906,0,4
4907,0,5
4908,0,5
4909,0,5
4910,1,5
4911,0,4
4912,1,4
4913,0,5
4914,0,5
4915,0,5
4916,0,5
4917,0,5
4918,0,5
4919,1,5
4920,1,5
4921,1,3
4922,0,5
4923,0,5
4924,0,3
4925,0,5
4926,0,5
4927,0,5
4928,0,5
4929,0,5
4930,0,5
4931,0,5
4932,0,5
4933,0,5
4934,0,5
4935,0,5
4936,0,5
4937,0,3
4938,1,5
4939,0,5
4940,1,5
4941,0,4
4942,0,5
4943,0,5
4944,0,4
4945,0,5
4946,0,4
4947,0,5
4948,0,5
4949,0,5
4950,0,5
4951,0,5
4952,0,5
4953,1,5
4954,0,5
4955,1,5
4956,0,3
4957,0,5
4958,0,4
4959,0,3
4960,0,3
4961,0,5
4962,1,4
4963,1,5
4964,0,5
4965,0,3
4966,1,4
4967,0,4
4968,0,3
4969,0,5
4970,1,3
4971,1,4
4972,0,5
4973,0,5
4974,0,5
4975,1,5
4976,0,5
4977,0,5
4978,0,3
4979,0,4
4980,0,5
4981,0,4
4982,0,4
4983,0,4
4984,0,5
4985,0,5
4986,1,5
4987,0,5
4988,0,5
4989,0,5
4990,1,5
4991,1,5
4992,0,5
4993,1,4
4994,0,5
4995,0,5
4996,0,5
4997,0,5
4998,0,4
4999,0,5
